[
    {
        "name": "api_url",
        "label": "API地址",
        "type": "text",
        "default": "",
        "placeholder": "https://pay.example.com/",
        "description": "易支付平台的API地址"
    },
    {
        "name": "pid",
        "label": "商户ID",
        "type": "text",
        "default": "",
        "placeholder": "商户PID",
        "description": "易支付平台分配的商户ID"
    },
    {
        "name": "key",
        "label": "商户密钥",
        "type": "password",
        "default": "",
        "placeholder": "商户Key",
        "description": "易支付平台分配的商户密钥"
    },
    {
        "name": "notify_url",
        "label": "异步通知地址",
        "type": "text",
        "default": "",
        "placeholder": "https://your-domain.com/api/v1/pay/notify",
        "description": "支付成功后的异步回调地址"
    },
    {
        "name": "return_url",
        "label": "同步跳转地址",
        "type": "text",
        "default": "",
        "placeholder": "https://your-domain.com/pay/success",
        "description": "支付成功后的跳转页面"
    }
]
